{"WalkDown":{"Frame0":[1.0,31.0,22.0,1.0],"Frame1":[24.0,31.0,45.0,1.0],"Frame2":[47.0,31.0,68.0,1.0],"Frame3":[70.0,31.0,91.0,1.0],"NumFrames":4,"Repeating":true,"SecsPerFrame":0.20000000149011612},"WalkLeft":{"Frame0":[1.0,63.0,22.0,33.0],"Frame1":[24.0,63.0,45.0,33.0],"Frame2":[47.0,63.0,68.0,33.0],"Frame3":[70.0,63.0,91.0,33.0],"NumFrames":4,"Repeating":true,"SecsPerFrame":0.20000000149011612},"WalkRight":{"Frame0":[1.0,95.0,22.0,65.0],"Frame1":[24.0,95.0,45.0,65.0],"Frame2":[47.0,95.0,68.0,65.0],"Frame3":[70.0,95.0,91.0,65.0],"NumFrames":4,"Repeating":true,"SecsPerFrame":0.20000000149011612},"WalkUp":{"Frame0":[93.0,31.0,114.0,1.0],"Frame1":[93.0,63.0,114.0,33.0],"Frame2":[93.0,95.0,114.0,65.0],"Frame3":[1.0,127.0,22.0,97.0],"NumFrames":4,"Repeating":true,"SecsPerFrame":0.20000000149011612}}