{
  "WalkLeft": {

    "Frame0": [ 1029.0, 1541.0, 1541.0, 1029.0 ],
    "Frame1": [ 1029.0, 1541.0, 1541.0, 1029.0 ],
    "Frame2": [ 1029.0, 2055.0, 1541.0, 1543.0 ],
    "Frame3": [ 1029.0, 2055.0, 1541.0, 1543.0 ],
    "Frame4": [ 2057.0, 513.0, 2569.0, 1.0 ],
    "Frame5": [ 2057.0, 513.0, 2569.0, 1.0 ],
    "Frame6": [ 2057.0, 1541.0, 2569.0, 1029.0 ],
    "Frame7": [ 2057.0, 1541.0, 2569.0, 1029.0 ],
    "Frame8": [ 1.0, 2569.0, 513.0, 2057.0 ],
    "Frame9": [ 1029.0, 2569.0, 1541.0, 2057.0 ],
    "Frame10": [ 1.0, 513.0, 513.0, 1.0 ],
    "Frame11": [ 1.0, 513.0, 513.0, 1.0 ],
    "Frame12": [ 1029.0, 513.0, 1541.0, 1.0 ],
    "Frame13": [ 1029.0, 513.0, 1541.0, 1.0 ],
    "Frame14": [ 1.0, 1027.0, 513.0, 515.0 ],
    "Frame15": [ 1.0, 1027.0, 513.0, 515.0 ],
    "Frame16": [ 1029.0, 1027.0, 1541.0, 515.0 ],
    "Frame17": [ 1029.0, 1027.0, 1541.0, 515.0 ],
    "Frame18": [ 1.0, 1541.0, 513.0, 1029.0 ],
    "Frame19": [ 1.0, 1541.0, 513.0, 1029.0 ],
    "Frame20": [ 1.0, 2055.0, 513.0, 1543.0 ],

    "NumFrames": 21,
    "Repeating": true,
    "SecsPerFrame": 0.040000000000000
  },
  "WalkRight": {
    "Frame0": [ 1543.0, 1541.0, 2055.0, 1029.0 ],
    "Frame1": [ 1543.0, 1541.0, 2055.0, 1029.0 ],
    "Frame2": [ 1543.0, 2055.0, 2055.0, 1543.0 ],
    "Frame3": [ 1543.0, 2055.0, 2055.0, 1543.0 ],
    "Frame4": [ 2057.0, 1027.0, 2569.0, 515.0 ],
    "Frame5": [ 2057.0, 1027.0, 2569.0, 515.0 ],
    "Frame6": [ 2057.0, 2055.0, 2569.0, 1543.0 ],
    "Frame7": [ 2057.0, 2055.0, 2569.0, 1543.0 ],
    "Frame8": [ 515.0, 2569.0, 1027.0, 2057.0 ],
    "Frame9": [ 1543.0, 2569.0, 2055.0, 2057.0 ],
    "Frame10": [ 515.0, 513.0, 1027.0, 1.0 ],
    "Frame11": [ 515.0, 513.0, 1027.0, 1.0 ],
    "Frame12": [ 1543.0, 513.0, 2055.0, 1.0 ],
    "Frame13": [ 1543.0, 513.0, 2055.0, 1.0 ],
    "Frame14": [ 515.0, 1027.0, 1027.0, 515.0 ],
    "Frame15": [ 515.0, 1027.0, 1027.0, 515.0 ],
    "Frame16": [ 1543.0, 1027.0, 2055.0, 515.0 ],
    "Frame17": [ 1543.0, 1027.0, 2055.0, 515.0 ],
    "Frame18": [ 515.0, 1541.0, 1027.0, 1029.0 ],
    "Frame19": [ 515.0, 1541.0, 1027.0, 1029.0 ],
    "Frame20": [ 515.0, 2055.0, 1027.0, 1543.0 ],

    "NumFrames": 21,
    "Repeating": true,
    "SecsPerFrame": 0.0400000000000000
  }
}